post_id,author,subreddit,title,text_length,created_date,score,num_comments,has_images,image_count,downloaded_images,over_18
1ovqqtg,Special_Sherbert_925,ArtTherapy,Barbie art therapist toy with Kelly's painting,714,2025-11-13T11:37:18,15,5,True,1,1,False
1onxkze,ShoddyInteraction126,ArtTherapy,Atcbe 2025 help,657,2025-11-04T11:58:10,6,4,True,1,1,False
1oja998,Far_Guarantee_9734,ArtTherapy,Art Therapist Private Practice! (Canada),795,2025-10-30T01:07:35,8,3,True,1,1,False
1nplhe8,A313-Isoke,ArtTherapy,"Finally, an article that goes into the TOS on AI and patient notes",167,2025-09-25T03:25:40,7,8,True,1,1,False
1mbg6sv,Realistic-Ad6287,ArtTherapy,ATCBE Study Resources,585,2025-07-28T21:28:49,22,15,True,1,1,False
1m0gt5i,OddStandard8458,ArtTherapy,B MacWilliams test prep,243,2025-07-15T20:45:17,0,5,True,1,1,False
1lwnoj7,Negative-Cow-2808,ArtTherapy,Has anyone tried this virtual sand play?,191,2025-07-11T04:43:30,4,4,True,1,1,False
1ldmeev,AcrobaticButterfly67,ArtTherapy,Art Therapy Podcast Seeking Guests,1200,2025-06-17T20:55:40,40,9,True,1,1,False
1lcl6k1,A313-Isoke,ArtTherapy,Good News for Medicaid Recipients in Oregon!,267,2025-06-16T13:50:35,8,0,True,1,1,False
1l97upg,bratmitzvah420,ArtTherapy,art therapy board certification exam,940,2025-06-12T07:43:01,31,17,True,1,1,False
1j4af5q,glitterenthusiast76,ArtTherapy,Sign the Petition,17,2025-03-06T02:43:30,13,1,True,1,1,False
1i9b8dv,Rorschachs_Intern,ArtTherapy,Full House has art therapy!,32,2025-01-25T09:03:08,15,0,True,1,1,False
1h2zwfn,Outrageous_Elk79,ArtTherapy,NDIA (Australia) are making it harder for ppl to access Art Therapy! Pls sign petition,454,2024-11-30T08:17:13,25,4,True,1,1,False
1h29adg,Art_is_healing,ArtTherapy,Art Therapy under threat in Australia,2598,2024-11-29T08:11:40,32,3,True,1,1,False
1grb8lx,Bravo72,ArtTherapy,Just saw this inspiring video on Art Therapy,44,2024-11-15T02:14:08,6,0,True,1,1,False
1fbkw2h,Art_is_healing,ArtTherapy,Practical guides,949,2024-09-08T08:02:45,11,9,True,1,1,False
1eosjhq,maafna,ArtTherapy,International Expressive Arts Therapy Association?,315,2024-08-10T21:03:20,5,7,True,1,1,False
1ai71zy,johncara1,ArtTherapy,Is art therapy limited only to drawing?,934,2024-02-04T05:43:10,5,10,True,1,1,False
15mcvs6,ArseniKatsela,ArtTherapy,"Before You Give Up, Watch This",30,2023-08-09T19:41:13,2,0,True,1,1,False
154r6n8,Carbon_is_Neat,ArtTherapy,A Feast for Hungry Ghosts,25,2023-07-20T21:37:29,99,13,True,2,2,False
154qkhp,AviculariaBee,ArtTherapy,Mood flower mandala,19,2023-07-20T21:12:07,12,1,True,2,2,False
1546vw3,lil_urban_achiever,ArtTherapy,My Playlist Made Me Do It (51),30,2023-07-20T05:03:55,12,1,True,2,2,False
153w3rw,Mysterious_Presence_,ArtTherapy,I hope you all get a chance to do some art therapy today. 8x10 sharpie and watercolor.,86,2023-07-19T22:09:05,56,3,True,2,2,False
152s1aw,OnionHeaded,ArtTherapy,A total accidental drawing… Yet unnamed demon.,227,2023-07-18T16:00:31,35,3,True,2,2,False
152rsms,OnionHeaded,ArtTherapy,Some late night scratches but themed,153,2023-07-18T15:46:34,12,5,True,2,2,False
152dnfq,lil_urban_achiever,ArtTherapy,My Playlist Made Me Do It (50),30,2023-07-18T04:52:01,25,0,True,2,2,False
15268gx,GuestFirm3455,ArtTherapy,Scarred,7,2023-07-18T00:10:43,50,5,True,2,2,False
1521716,Carbon_is_Neat,ArtTherapy,"Agent of Thoughts, by me",24,2023-07-17T20:55:21,41,3,True,2,2,False
151vf39,OnionHeaded,ArtTherapy,I’m Losing my Hand Im Losing my Baby,36,2023-07-17T15:57:44,17,0,True,2,2,False
151r6jy,OnionHeaded,ArtTherapy,Newest . I had silly issues w but feel different 2 days later-read below,892,2023-07-17T12:09:32,32,3,True,2,2,False
1p479lg,MysteriousDream4413,traumacore,"it is over now, my sick friend, you died alone",46,2025-11-23T07:20:33,6,0,True,2,2,False
1p42hk0,tespacepoint,traumacore,psychopathy vent thing I did,1316,2025-11-23T03:52:21,5,1,True,2,2,False
1p3gmhd,rosalinagloom,traumacore,I was a child... with unsupervised internet access,50,2025-11-22T09:34:07,65,13,True,2,2,True
1p1tkfq,UrLocalAutisticRat,traumacore,WAKE UP,7,2025-11-20T12:10:43,8,0,True,2,2,False
1p1tjow,UrLocalAutisticRat,traumacore,R0TTING,7,2025-11-20T12:09:40,8,0,True,2,2,False
1p14xe0,MageGirlStank,traumacore,Isn't my first time...,119,2025-11-19T19:14:24,18,1,True,2,2,False
1p0x7yq,UrLocalAutisticRat,traumacore,They all hate you.,72,2025-11-19T11:47:29,32,1,True,2,2,False
1p02h7x,UrLocalAutisticRat,traumacore,"Come on, it!s just a silly dream :3",75,2025-11-18T12:23:09,10,0,True,2,2,False
1p02g79,UrLocalAutisticRat,traumacore,I don’t deserve to feel this way,32,2025-11-18T12:21:37,9,0,True,2,2,False
1p02b69,UrLocalAutisticRat,traumacore,Is this even love I’m feeling..?,149,2025-11-18T12:14:19,31,5,True,2,2,False
1oz3goy,BaDDDonnie,traumacore,I miss you,124,2025-11-17T09:37:20,16,0,True,2,2,False
1oxhe6h,Same-Rabbit2531,traumacore,A few pieces I made a while ago,354,2025-11-15T11:35:45,42,0,True,3,3,False
1ow9g6o,MysteriousDream4413,traumacore,me vs brain,11,2025-11-14T02:50:52,27,0,True,2,2,False
1ow6jmf,rosalinagloom,traumacore,Are video edits welcome?,24,2025-11-14T01:03:59,5,0,True,1,1,False
1ovfvb5,MysteriousDream4413,traumacore,and I will die as a pathetic man with no legacy,47,2025-11-13T04:05:29,24,3,True,2,2,False
1out7d6,RepresentativeRub471,traumacore,God I wish I could undo my sins,31,2025-11-12T10:28:47,70,27,True,2,2,False
1oukfhj,D15TURB1NG_45HL3Y,traumacore,My real experience,26,2025-11-12T04:24:48,65,6,True,2,2,False
1oshlhi,venicedoom,traumacore,something bad is coming,23,2025-11-09T19:59:33,33,0,True,2,2,False
1osd2is,[deleted],traumacore,Home,44,2025-11-09T15:21:15,17,0,True,8,5,False
1osbscd,Impressive-Plan1461,traumacore,Where were you.,15,2025-11-09T14:05:46,18,2,True,2,2,False
1os1wt7,D15TURB1NG_45HL3Y,traumacore,1 M155 YOU,10,2025-11-09T06:05:05,60,4,True,2,2,False
1ordn4k,Majoriexabyss,traumacore,Please don’t leave me,21,2025-11-08T10:23:43,57,3,True,2,2,False
1oq8to8,OfficerLollipop,traumacore,everything they said when I told them I hated myself and now when Im starting to heal,85,2025-11-07T03:45:18,24,0,True,2,2,False
1oq6d4k,Certain-Slice-7349,traumacore,Trauma/dream/weird core vhs video,258,2025-11-07T02:13:16,6,1,True,1,1,False
1op3zy7,Sea_Sky2946,traumacore,Finding calm moments,20,2025-11-05T22:15:07,12,0,True,2,2,False
1oohkpf,MysteriousDream4413,traumacore,it's all over,13,2025-11-05T03:59:35,27,0,True,2,2,False
1onsysu,Chat-THC,traumacore,I kept your secrets,19,2025-11-04T08:23:13,17,0,True,2,2,False
1oljwej,MysteriousDream4413,traumacore,numb,4,2025-11-01T17:51:41,47,2,True,4,4,False
1okobhz,NoExternal5211,traumacore,random vent art dump,149,2025-10-31T15:38:08,18,4,True,3,3,False
1okhiss,Exciting-Archer6802,traumacore,"(TW: swearing, abuse mention, csa) that feeling when you miss your abuser and want it to happen again….",103,2025-10-31T09:17:23,34,2,True,2,2,False
1p44we3,DazzlingCelery6853,CPTSDmemes,"I don't mean this in a toxic way, but after years of being abused, i did learned the shock value and how it is important to stop situations before they escalate further.",169,2025-11-23T05:35:10,188,2,True,2,2,False
1p43gnq,nottoday943,CPTSDmemes,I will never forget the day my father watched me get bullied as a kid and didn't intervene until I started retaliating 🫠,120,2025-11-23T04:34:17,117,6,True,2,2,False
1p3z6cl,call-me-kleine,CPTSDmemes,Do spirals and flashbacks ever get better?,316,2025-11-23T01:37:59,77,5,True,2,2,False
1p3xfkl,tahrah11,CPTSDmemes,"“You see, other people have it worse than you do, so I get to control every aspect of your life.” 😒",99,2025-11-23T00:28:26,296,14,True,2,2,False
1p3v7ol,WinterDemon_,CPTSDmemes,existing sucks when every fact about me is another reason for people to leave,77,2025-11-22T22:56:44,175,6,True,2,2,False
1p3t9kj,terechahakechooche,CPTSDmemes,I feel attacked,15,2025-11-22T21:29:50,1870,33,True,2,2,False
1p3s9nk,Background_Active_36,CPTSDmemes,Where do I begin,89,2025-11-22T20:39:53,191,0,True,2,2,False
1p3q1xg,Slim-Shadys-Fat-Tits,CPTSDmemes,Posting therapy ferrets day 2,29,2025-11-22T18:30:46,85,4,True,2,2,False
1p3p0zf,terechahakechooche,CPTSDmemes,I love loser protagonist,24,2025-11-22T17:25:31,142,7,True,2,2,False
1p3nrck,That1weirdperson,CPTSDmemes,"Sorry mom, I got ghosted again, please stop asking",50,2025-11-22T16:02:22,96,0,True,2,2,False
1p3natn,brownha1rbrowneyes,CPTSDmemes,lol,3,2025-11-22T15:33:20,523,0,True,2,2,False
1p3idkf,RiverWindandMud,CPTSDmemes,If only if only all marriage-like relationships counted,55,2025-11-22T10:58:38,67,0,True,2,2,False
1p3h8k3,AceLamina,CPTSDmemes,This 100%!,10,2025-11-22T10:02:54,473,3,True,2,2,False
1p3h5ap,Unusual_Tumbleweed69,CPTSDmemes,Yep,3,2025-11-22T09:58:54,1031,19,True,2,2,False
1p3efi3,baffling-nerd-j,CPTSDmemes,meirl,5,2025-11-22T07:54:55,61,1,True,2,2,False
1p3e67u,SuccessfulMaybe5744,CPTSDmemes,The human shield's first meme,183,2025-11-22T07:43:02,627,15,True,2,2,False
1p3e66o,Unusual_Tumbleweed69,CPTSDmemes,My brain when anything traumatic,49,2025-11-22T07:43:00,47,3,True,2,2,False
1p3chta,ProfessionalDirt3925,CPTSDmemes,Thanks santa... I think,23,2025-11-22T06:32:15,193,5,True,2,2,False
1p3cf7f,DorianPavass,CPTSDmemes,"Even when situations are nothing like the past, my brain thinks angry people are always ready to hit me.",104,2025-11-22T06:29:13,165,3,True,2,2,False
1p3a4fc,Arafel2000,CPTSDmemes,Charriii5 said it best.,489,2025-11-22T04:57:05,16,0,True,1,1,False
1p34c8v,Unusual_Tumbleweed69,CPTSDmemes,🫠,1,2025-11-22T01:13:47,86,6,True,2,2,False
1p335y6,tireddepressoadult,CPTSDmemes,Well... That was yesterday. Today I think I am actually doing better.,69,2025-11-22T00:29:35,26,0,True,2,2,False
1p32jyc,Slim-Shadys-Fat-Tits,CPTSDmemes,Posting therapy ferrets day 1,29,2025-11-22T00:06:02,1252,19,True,2,2,False
1p317gx,Chase_The_Breeze,CPTSDmemes,Dostoevsky must have known my Dad...,36,2025-11-21T23:14:25,396,12,True,2,2,False
1p2y1im,WinterDemon_,CPTSDmemes,"is it shallow? probably, but i'm tired",38,2025-11-21T21:03:02,327,24,True,2,2,False
1p2xem5,occlupanidae,CPTSDmemes,It was more focused on puberty but still (oc),45,2025-11-21T20:32:26,154,21,True,2,2,False
1p2vrk6,That1weirdperson,CPTSDmemes,It has happened before,22,2025-11-21T19:03:14,2248,14,True,2,2,False
1p2prie,ProfessionalDirt3925,CPTSDmemes,"""It's in the past"" my sensory system tells me otherwise",55,2025-11-21T12:54:43,64,10,True,2,2,False
1p2m7j0,juneshepard,CPTSDmemes,People being jealous of something I have doesn't mean I have to give it to them,751,2025-11-21T10:03:55,1464,50,True,2,2,False
1p2k1ym,eggert83,CPTSDmemes,My dad does this all the time,29,2025-11-21T08:26:49,808,40,True,2,2,False
1p4bhnr,venusplutoangel,BPDmemes,Is it safe for me to let other people into my inner world? Can I trust myself enough to choose the right people this time?,122,2025-11-23T10:43:32,4,0,True,15,5,False
1p49ltk,sober4lifee,BPDmemes,reality: they’re busy … my brain: they don’t care about me,58,2025-11-23T09:09:30,15,0,True,2,2,False
1p48a80,dumbtiredslut,BPDmemes,guess ill go die bc you HATE me,31,2025-11-23T08:06:47,29,3,True,2,2,False
1p46kzp,ShesSoViolet,BPDmemes,a look,6,2025-11-23T06:49:48,48,0,True,2,2,False
1p43h60,sober4lifee,BPDmemes,"i told you to fuck off, so why do i feel abandoned ? why are our brains like this ????",86,2025-11-23T04:34:54,68,5,True,2,2,False
1p42x7p,Still-Dragonfly6352,BPDmemes,Idc if I’m lactose intolerant it’s over for u 😝,47,2025-11-23T04:10:49,282,11,True,2,2,False
1p42ol7,DoubleAplusArcanine,BPDmemes,"Few months clean, thank you primal urges!",41,2025-11-23T04:00:36,22,1,True,2,2,False
1p41n6y,coleisw4ck,BPDmemes,People only tolerate me and the sooner I accept it the easier things will go for me…,84,2025-11-23T03:16:48,2,1,True,2,2,False
1p40w3v,I_collect_dust,BPDmemes,"What does that mean, is autism and BPD really compatible in a relationship?",75,2025-11-23T02:46:12,10,2,True,1,1,False
1p40e9n,LongjumpingRun6620,BPDmemes,story of my life,102,2025-11-23T02:26:19,91,2,True,2,2,False
1p3x6jz,Still-Dragonfly6352,BPDmemes,This is so me,13,2025-11-23T00:18:40,30,0,True,2,2,False
1p3uk1w,bnnypws,BPDmemes,at least my lore is interesting now! /hj,40,2025-11-22T22:27:57,32,0,True,2,2,False
1p3u9w4,LNTF_08,BPDmemes,well well well,14,2025-11-22T22:15:34,42,0,True,2,2,False
1p3tmlj,sober4lifee,BPDmemes,"and they’re fine with it too, which leads me to believe that they never cared in the first place",96,2025-11-22T21:46:36,101,6,True,2,2,False
1p3szxz,sober4lifee,BPDmemes,oh,2,2025-11-22T21:17:01,269,7,True,2,2,False
1p3p5e0,tireddepressoadult,BPDmemes,Instead of journaling I write questionable poetry (still in closed ward),131,2025-11-22T17:33:43,4,1,True,6,5,True
1p3homg,sober4lifee,BPDmemes,are they really taking a nap tho? i call bs on that one,55,2025-11-22T10:24:30,577,8,True,2,2,False
1p3fte7,coleisw4ck,BPDmemes,💖,1,2025-11-22T08:56:10,39,0,True,2,2,False
1p3fso9,coleisw4ck,BPDmemes,but also being needed sucks bc why are they just using me for shit,66,2025-11-22T08:55:15,89,1,True,2,2,False
1p3frmk,coleisw4ck,BPDmemes,real asfk tho ugh wtf,21,2025-11-22T08:53:54,55,3,True,2,2,False
1p3foby,coleisw4ck,BPDmemes,rizz AND abandonment there i fixed it for me,44,2025-11-22T08:49:51,37,0,True,2,2,False
1p3flxk,coleisw4ck,BPDmemes,pain,4,2025-11-22T08:46:36,20,0,True,2,2,False
1p3fkkt,coleisw4ck,BPDmemes,pusheen is cutie,16,2025-11-22T08:44:54,177,1,True,2,2,False
1p3ewaq,coleisw4ck,BPDmemes,Feels like a war 🌍 🧠,20,2025-11-22T08:14:56,15,0,True,2,2,False
1p3evcn,redlightlover,BPDmemes,"i lost my fp, i hate how attached i get",39,2025-11-22T08:13:47,46,4,True,2,2,False
1p3eere,Cor_Aine,BPDmemes,It’s okay 🫠,11,2025-11-22T07:53:58,133,3,True,2,2,False
1p3bq5d,coleisw4ck,BPDmemes,I just hope to be asked,23,2025-11-22T06:01:07,43,2,True,2,2,False
1p38a80,sober4lifee,BPDmemes,fr,2,2025-11-22T03:43:58,234,6,True,2,2,False
1p381oj,coleisw4ck,BPDmemes,no you can’t,12,2025-11-22T03:34:33,11,2,True,2,2,False
1p37szv,itsbord3rlin3,BPDmemes,🧟‍♂️,4,2025-11-22T03:25:14,446,33,True,2,2,False
1p480n4,adhd_memetherapy,adhdmeme,Is it even possible?,20,2025-11-23T07:55:02,1983,73,True,2,2,False
1p45zo9,netphilia,adhdmeme,Or it will keep stressing you out.,34,2025-11-23T06:23:02,979,8,True,2,2,False
1p445t1,dropbear_dave,adhdmeme,This applies to emails too,26,2025-11-23T05:04:29,827,11,True,2,2,False
1p421un,Daug3,adhdmeme,I read a whole book in one sitting and I just wanted to share how proud of myself I am!,464,2025-11-23T03:33:35,285,31,True,2,2,False
1p3x6pb,newbeginnings187,adhdmeme,🫤,1,2025-11-23T00:18:51,654,11,True,2,2,False
1p3sy9r,newbeginnings187,adhdmeme,😵‍💫,3,2025-11-22T21:14:51,5474,65,True,2,2,False
1p3qi7u,karateninjazombie,adhdmeme,Aaaand it's Monday already :(,29,2025-11-22T18:59:28,1606,14,True,2,2,False
1p3jjr9,Vaiken_Vox,adhdmeme,Tell me the meds kicked in without saying the meds kicked in....,64,2025-11-22T11:58:51,158,23,True,2,2,False
1p3etja,LeNardOfficial,adhdmeme,I don't know how to do that,27,2025-11-22T08:11:36,754,24,True,2,2,False
1p3bnn8,MoxxiiBlue,adhdmeme,I definitely have emotional regulation issues…,208,2025-11-22T05:58:35,1627,185,True,2,2,False
1p3b0nf,That-Hedgehog6633,adhdmeme,Anyone else like this?,22,2025-11-22T05:32:23,4728,73,True,2,2,False
1p39me8,ADHDinos_,adhdmeme,Task (dis)oriented,18,2025-11-22T04:37:15,821,17,True,2,2,False
1p39erv,Beautiful-Square-112,adhdmeme,Worst part of school rn,23,2025-11-22T04:28:48,199,14,True,2,2,False
1p37iom,adhd_memetherapy,adhdmeme,This or I roam around aimlessly anxious,39,2025-11-22T03:14:11,3411,39,True,2,2,False
1p34pb0,Sure-Ad-2465,adhdmeme,I have the day off work but it's the time of year when there's constant leafblower noise around my house,104,2025-11-22T01:27:27,95,8,True,2,2,False
1p34m7c,TurbochargedSquirrel,adhdmeme,It would appear I have a new media hyperfixation,77,2025-11-22T01:24:11,21,3,True,2,2,False
1p312ck,Legitimate_Coconut_4,adhdmeme,No wonder I have a hard time focusing,37,2025-11-21T23:08:57,1555,60,True,2,2,False
1p2trn0,Pizzapatron,adhdmeme,I guess there’s something up here I need,40,2025-11-21T16:58:00,186,9,True,2,2,False
1p2o1oe,Rock2Rock,adhdmeme,A song about dealing with and eventually identifying with ADHD,62,2025-11-21T11:30:18,6,1,True,1,1,False
1p2mh1i,That-Hedgehog6633,adhdmeme,Where all my stuff goes,23,2025-11-21T10:16:06,9593,136,True,2,2,False
1p2jxg1,TwoOdd9352,adhdmeme,I wonder which one hmmm 🤣,25,2025-11-21T08:21:15,107,55,True,2,2,False
1p2hlw1,netphilia,adhdmeme,Sorry.,6,2025-11-21T06:42:08,4190,16,True,2,2,False
1p2gpal,Xerzajik,adhdmeme,I never did it. I just felt guilty for 15 years.,60,2025-11-21T06:07:17,1188,152,True,2,2,False
1p2gaxs,netphilia,adhdmeme,"Check, check.",13,2025-11-21T05:51:59,5414,66,True,2,2,False
1p2f5s7,TheSaxonPlan,adhdmeme,Mailing things is ADHD torture,261,2025-11-21T05:08:06,1707,53,True,2,2,False
1p2egwq,netphilia,adhdmeme,Sometimes all the time.,23,2025-11-21T04:41:45,343,8,True,2,2,False
1p2a8b9,Xerzajik,adhdmeme,Is this anyone else get low-key PTSD from this?,47,2025-11-21T02:05:40,547,37,True,2,2,False
1p27pao,dinobot100,adhdmeme,"I'm not strictly certain the ""big bag of money"" solution would work well with my brain... 😅",91,2025-11-21T00:30:54,47,5,True,2,2,False
1p23zf0,netphilia,adhdmeme,Why?,4,2025-11-20T22:04:13,2237,32,True,2,2,False
1p23e4x,Legitimate_Coconut_4,adhdmeme,The search for Dopamine is real!!!,34,2025-11-20T21:38:42,354,34,True,2,2,False
1p48bwn,The_Lesbian_Lunatic,anxietymemes,It's becoming a problem 😭-,26,2025-11-23T08:08:55,234,11,True,2,2,False
1p3yjzw,Foundation1251,anxietymemes,Thanks for nothing😂,19,2025-11-23T01:12:59,962,6,True,2,2,False
1p3celh,Hour-Bison765,anxietymemes,Don't mess with me,18,2025-11-22T06:28:29,1084,17,True,2,2,False
1p2izf7,YourPernicious,anxietymemes,we sure did,33,2025-11-21T07:39:46,3264,20,True,2,2,False
1p1uijo,SableBloom_,anxietymemes,depression is embarrassing,26,2025-11-20T13:00:25,7699,53,True,2,2,False
1p1tyge,CoronaCurious,anxietymemes,"Oh sure, whe Dr. Strange looks into14,000,605 possible futures it's considered 'heroic' 🙄.",121,2025-11-20T12:30:56,368,8,True,2,2,False
1p13i63,[deleted],anxietymemes,Weird that something so helpful coming from a comic book.,57,2025-11-19T17:54:28,21,8,True,2,2,False
1p13hip,Valuable_Leave_7314,anxietymemes,"Trust issues? No, just being responsible",40,2025-11-19T17:53:25,95,3,True,2,2,False
1p12uy0,Bogeyworman,anxietymemes,Practicing radical acceptance when triggered,219,2025-11-19T17:14:06,650,11,True,2,2,False
1p0vp2q,ImpressionUnfair8939,anxietymemes,I will never trust either one lol,33,2025-11-19T10:34:35,2915,14,True,2,2,False
1p0oxgd,semperquietus,anxietymemes,Energised,150,2025-11-19T05:44:03,677,11,True,2,2,False
1p0lc9i,Alphaxfusion,anxietymemes,That feeling 💀,14,2025-11-19T03:27:30,2671,38,True,2,2,False
1p06edi,WizzzzUp,anxietymemes,Coming at you alive,654,2025-11-18T16:12:53,20,1,True,2,2,False
1oz8sgd,Brilliant_Grand4394,anxietymemes,Just anxiety things..,21,2025-11-17T14:08:24,891,21,True,2,2,False
1oz8ruu,whatstheirface859,anxietymemes,Social Anxiety got me like…,27,2025-11-17T14:07:22,1456,7,True,2,2,False
1oys7gg,Negative_Donkey9982,anxietymemes,Being in a new relationship makes this feeling way worse,56,2025-11-17T01:52:28,1725,20,True,2,2,False
1oym9zq,Comfortable-Sky-7431,anxietymemes,🏃🏃🏃,3,2025-11-16T21:52:53,38,7,True,2,2,False
1oyirvz,ImpressionUnfair8939,anxietymemes,More often than I should,24,2025-11-16T18:51:04,1421,19,True,2,2,False
1oyb57i,Advanced_Banana7363,anxietymemes,Me hahahaha,11,2025-11-16T11:23:36,688,7,True,2,2,False
1oyafhf,Churras_Tip,anxietymemes,"""fight or flight"" they said",27,2025-11-16T10:47:33,60,17,True,2,2,False
1oy2oek,deadmemesdeaderdream,anxietymemes,"social anxiety that’s definitely not related to being neurodivergent, no, not at all",84,2025-11-16T04:56:05,64,15,True,2,2,False
1oy0lqx,YourPernicious,anxietymemes,don’t minimize your victories,54,2025-11-16T03:30:48,1382,38,True,2,2,False
1oxueg6,CapacityBuilding,anxietymemes,You’re good,11,2025-11-15T23:24:56,179,11,True,2,2,False
1oxtxvy,newbeginnings187,anxietymemes,😈,1,2025-11-15T23:05:50,1258,4,True,2,2,False
1ox56wj,Comfortable-Sky-7431,anxietymemes,Dr.google gives it straight,27,2025-11-15T02:56:41,253,3,True,2,2,False
1owvt2r,Churras_Tip,anxietymemes,Its a good day.,15,2025-11-14T20:58:42,799,15,True,2,2,False
1ow007k,Wonderful_Counter1,anxietymemes,Stress,6,2025-11-13T20:40:07,4735,25,True,2,2,False
1ovk2y3,RiversinRio,anxietymemes,Thing that happened today,88,2025-11-13T06:44:14,72,5,True,2,2,False
1ourssk,indiego3000,anxietymemes,me,2,2025-11-12T09:24:19,1276,10,True,2,2,False
1oudrbm,treatmyocd,anxietymemes,Anxiety and OCD can feel similar—but they’re not the same,57,2025-11-12T00:20:52,75,6,True,2,2,False
1p41v2g,ShokaLGBT,depression_memes,trying to make friends online these days 🙂‍↕️,45,2025-11-23T03:25:54,49,5,True,2,2,False
1p3p19e,aaronstudds,depression_memes,It is what it is.,17,2025-11-22T17:26:04,71,5,True,2,2,False
1p3nt8x,That1weirdperson,depression_memes,"Sorry mom, others don’t see me as you do",40,2025-11-22T16:05:38,109,5,True,2,2,False
1p2io57,_CaptainAmerica__,depression_memes,Hey look its-a-me,17,2025-11-21T07:26:06,304,24,True,2,2,False
1p2i4j9,j3nn4y,depression_memes,Aspergers Syndrome in a Nutshell,32,2025-11-21T07:03:18,911,17,True,2,2,False
1p2670f,That_Smol_Bean,depression_memes,Lucky to have something that helps and still stupid enough to think I don't need it,83,2025-11-20T23:34:07,152,9,True,2,2,False
1p1arcz,Otherwise_Reaction75,depression_memes,Fall... off cliff..?,20,2025-11-19T23:32:24,535,13,True,2,2,False
1p1a9xa,CoronaCurious,depression_memes,"It affects a lot of us, but ♏️ definitely understand.",53,2025-11-19T23:14:08,172,19,True,2,2,False
1p0vmyk,Depressedknife,depression_memes,Literally though,16,2025-11-19T10:31:52,460,8,True,2,2,False
1p0otzc,dontcallsaull,depression_memes,I wish this deal was real,25,2025-11-19T05:40:22,393,16,True,1,1,False
1p0ofmn,Commercial_Cold1077,depression_memes,How is everyone doing. Scale 1-10,33,2025-11-19T05:25:01,340,123,True,2,2,False
1p0ia59,Awesomeuser90,depression_memes,Clap Along If You Feel Like Happiness Is The Truth,50,2025-11-19T01:35:16,34,3,True,2,2,False
1p08rbc,welshirishscottsman,depression_memes,i think tonite might be the night 🥰,35,2025-11-18T18:44:48,77,3,True,2,2,False
1p08n4g,That1weirdperson,depression_memes,Texting 1 big paragraph because double texting is clingy,56,2025-11-18T18:37:36,199,2,True,2,2,False
1p016z4,MassiveCheek2369,depression_memes,Ahhh yes. My favorite meal.,27,2025-11-18T11:20:00,5,1,True,1,1,False
1oyy7vl,Fishy_smelly_goody,depression_memes,We're doing a sequel,20,2025-11-17T05:48:08,65,6,True,1,1,False
1oywmct,iithinkithinktoomuch,depression_memes,aghhhhh,119,2025-11-17T04:44:01,110,0,True,2,2,False
1oylgab,That1weirdperson,depression_memes,I hope my interests are socially acceptable,43,2025-11-16T21:15:05,751,7,True,2,2,False
1oyhvyu,ShokaLGBT,depression_memes,Who said having a partner would fix everything huh 😮‍💨😮‍💨😮‍💨,418,2025-11-16T17:57:05,144,13,True,2,2,False
1oyc8kh,Deimos7779,depression_memes,My life is a fucking mess.,26,2025-11-16T12:20:09,143,8,True,2,2,False
1oy1f1l,KavuDare,depression_memes,Me,2,2025-11-16T04:03:18,219,2,True,2,2,False
1oxzwuo,Inevitable-Twist3845,depression_memes,Didn't know where else to post this lol,39,2025-11-16T03:03:04,58,5,True,2,2,False
1oxxfa5,the_deep_fish,depression_memes,me in winter,12,2025-11-16T01:24:29,595,5,True,2,2,False
1oxvzsk,ShokaLGBT,depression_memes,This was in fact not fun at all 🤧,33,2025-11-16T00:28:32,99,4,True,2,2,False
1oxt6h7,SelectShop9006,depression_memes,I don’t know what to do…,24,2025-11-15T22:33:19,20,1,True,2,2,False
1oxssii,Ok_Virus_270,depression_memes,Buy 1 get 1 free,86,2025-11-15T22:16:16,343,7,True,2,2,False
1oxs40v,Interesting_Cod2763,depression_memes,True,4,2025-11-15T21:46:30,203,0,True,2,2,False
1oxq8sc,That1weirdperson,depression_memes,Teachers not believing me,25,2025-11-15T20:15:20,318,13,True,2,2,False
1oxkdrg,Prior-Science-8545,depression_memes,Gods plan,9,2025-11-15T14:17:56,44,0,True,1,1,False
1oxjxut,Working_Entrance_212,depression_memes,When being quiet somehow becomes everyone’s favourite question,62,2025-11-15T13:52:51,168,3,True,2,2,False
1or3px4,WesternTumbleweeds,MentalHealthIsland,Talk it out: Help is nearby,27,2025-11-08T03:26:09,0,1,True,2,2,False
1nno01z,Positive-Pillows,MentalHealthIsland,🌤️ Happy Monday Afternoon from Positive Pillows 🌤️,381,2025-09-22T22:28:44,2,1,True,2,2,False
1nn3o3g,Positive-Pillows,MentalHealthIsland,🌙 Soft Sunday Reflections 🌙,346,2025-09-22T05:05:31,2,2,True,2,2,False
1n8lnni,Addaurable23,MentalHealthIsland,Am I the only one?,416,2025-09-05T04:44:18,2,2,True,2,2,False
1n58ftf,BallabeBallin,MentalHealthIsland,I find creation my way of dealing with things. I hope it can help others too ❤️,718,2025-09-01T06:47:34,1,1,True,1,1,False
1mxqqsy,No_Historian2784,MentalHealthIsland,Am I the only one who does this?,501,2025-08-23T11:22:34,16,5,True,2,2,False
1muh68i,roanwolf75,MentalHealthIsland,Don't you steal my magic 😡,26,2025-08-19T20:35:28,11,0,True,2,2,False
1mi6xqg,joeyc1224,MentalHealthIsland,I believe the truth is only offensive when we’re lying. Truth is….,1135,2025-08-05T19:45:48,2,1,True,2,2,False
1lxi95s,Tight_Antelope_7144,MentalHealthIsland,I don’t think I’m ok anymore…,29,2025-07-12T05:00:06,10,2,True,3,3,False
1lx134u,bahrain_gemstones,MentalHealthIsland,"Battle of 8 years, how longer can I withstand it",1782,2025-07-11T15:56:09,0,1,True,2,2,False
1lvt0um,spacezoned,MentalHealthIsland,I made a rap album to save myself and maybe it can help others,511,2025-07-10T04:13:36,0,0,True,1,1,False
1lj5lpr,shayla77777,MentalHealthIsland,Sh (NSFW),137,2025-06-24T16:23:51,1,2,True,2,2,True
1l2yung,buergimeister,MentalHealthIsland,World trip - bicycle - new beginning,1465,2025-06-04T14:49:18,5,1,True,2,2,False
1ktmoa3,That-Dude-25,MentalHealthIsland,"Hope all is well, have a great day.",35,2025-05-23T23:38:42,8,1,True,2,2,False
1kf6mt0,thehappypuppers,MentalHealthIsland,Managing Digital Distractions: Scientific Strategies to Boost Focus - Guilt Free Mind,588,2025-05-05T16:35:20,0,0,True,1,1,False
1jw95ki,That-Dude-25,MentalHealthIsland,Hope all is well. 👊,44,2025-04-11T05:20:51,15,0,True,2,2,False
1jgmgtj,WesternTumbleweeds,MentalHealthIsland,"This Sunday, a brain cancer patient &amp; his caregiver spouse talk about cancer, caregiving, &amp; balancing work over on r/AMA from 12 - 6 PM EST",147,2025-03-22T01:31:59,3,4,True,2,2,False
1j7h8j2,shado_mag,MentalHealthIsland,From silence to strength: unravelling mental health stigma in my community.,75,2025-03-10T04:46:18,0,0,True,1,1,False
1ioi8t1,LittleStroppyMan,MentalHealthIsland,Discomfort Zone – A Documentary on Men’s Mental Health,1522,2025-02-13T20:45:12,2,0,True,1,1,False
1i8yxpk,Adventurous-Bonus-92,MentalHealthIsland,I miss my artiness,1063,2025-01-25T00:09:57,13,5,True,5,5,False
1i1bif8,Lost-Play-4659,MentalHealthIsland,the tree - a short piece on childhood trauma,839,2025-01-15T01:34:34,1,0,True,1,1,False
1i1apr0,Lost-Play-4659,MentalHealthIsland,strange place - short piece on mental illness,1834,2025-01-15T01:01:34,2,2,True,1,1,False
1hucnix,roanwolf75,MentalHealthIsland,"Spotify Wrapped, Mental Health Edition ",39,2025-01-06T01:50:52,9,2,True,2,2,False
1hucmtg,roanwolf75,MentalHealthIsland,It did not work ,16,2025-01-06T01:50:01,8,0,True,2,2,False
1huclrv,roanwolf75,MentalHealthIsland,"Yes, I know it's ""compliments"".",31,2025-01-06T01:48:47,15,0,True,2,2,False
1huck5j,roanwolf75,MentalHealthIsland,Oh the masks we wear,20,2025-01-06T01:46:54,5,0,True,2,2,False
1hsgqf6,jorgebscomm,MentalHealthIsland,Can Music Heal the Mind? Exploring the Science Behind Its Mental Health Benefits,456,2025-01-03T15:07:56,1,0,True,1,1,False
1hqgevo,Outrageous-Collar-09,MentalHealthIsland,"For anyone struggling with grief today, I’m sending hugs🫂",109,2024-12-31T23:01:15,3,1,True,2,2,False
1hqakx5,Flesh_Smith,MentalHealthIsland,Thought it would be a good idea to do this trend or smth ,68,2024-12-31T16:36:29,1,1,True,2,2,False
1hpshro,roanwolf75,MentalHealthIsland,I don't appreciate how true this is,35,2024-12-31T01:32:28,11,6,True,2,2,False
1oo3888,haetewealth,HealfromYourPast,how to self regulate using neuropsychology,42,2025-11-04T17:42:50,15,0,True,2,2,False
1oo1j1b,redopink,HealfromYourPast,Hugs,4,2025-11-04T15:48:42,36,1,True,2,2,False
1ohrtk4,biallemta,HealfromYourPast,Value your progress. If you can't value it start with acknowledging it.,71,2025-10-28T05:55:51,10,0,True,2,2,False
1liry6f,Glittering-Impact133,HealfromYourPast,Heal From The Past Infinitely,238,2025-06-24T04:46:21,3,0,True,1,1,False
1isjd0q,smastromatteo,HealfromYourPast,Upcoming Book (The World of Inner Experience),1658,2025-02-19T02:14:48,3,0,True,1,1,False
1gg108c,UsualWorking4128,HealfromYourPast,Talking about Ourselves,619,2024-10-31T07:48:52,0,0,True,1,1,False
1geqh5f,BarboraJirinocova,HealfromYourPast,"Accept your past self; it will make you stronger.As I underwent psychotherapy to heal my anxiety, I read my old diaries and watched old family videos. Psychotherapy is always focused more on healing childhood wounds, and thus, I healed myself...",245,2024-10-29T17:28:08,4,0,True,1,1,False
1ga8mze,elizacandle,HealfromYourPast,"Books to be aware of, and avoid ",97,2024-10-23T19:52:53,0,4,True,1,1,False
1g62w7c,elizacandle,HealfromYourPast,Apologize ,10,2024-10-18T06:11:54,30,3,True,2,2,False
1fv5yq7,TopYam9663,HealfromYourPast,Help me out,476,2024-10-03T19:58:52,2,0,True,2,2,False
1buebsv,Unmasking_the_Narc,HealfromYourPast,Is My Mother a Narcissist? Discover The Shocking Traits,55,2024-04-03T08:06:50,1,0,True,1,1,False
1bqiqrh,Aurora_egg,HealfromYourPast,Bad brain days,14,2024-03-29T14:51:39,40,0,True,2,2,False
1agi4xf,[deleted],HealfromYourPast,Guided meditation with transformative HZ's has been the game changer I didn't know I needed.,966,2024-02-02T02:40:18,9,1,True,1,1,False
1adi7xi,elizacandle,HealfromYourPast,CPTSD monster,13,2024-01-29T08:48:43,4,2,True,1,1,False
196896m,Forbidd3nFrvit,HealfromYourPast,Self-acceptance 💙,17,2024-01-14T13:21:00,38,0,True,2,2,False
194gequ,elizacandle,HealfromYourPast,Window Of Tolerance,19,2024-01-12T07:48:03,39,1,True,2,2,False
18ky378,elizacandle,HealfromYourPast,Love,4,2023-12-18T10:34:52,68,1,True,2,2,False
18kkvp8,[deleted],HealfromYourPast,Your Reality | Award-winning short film on Gaslighting,129,2023-12-18T00:23:12,5,2,True,1,1,False
186xyo3,elizacandle,HealfromYourPast,No it won't fix everything. But It's a start,44,2023-11-30T03:34:15,66,3,True,2,2,False
17uujr4,elizacandle,HealfromYourPast,Be on the lookout,17,2023-11-14T12:45:46,74,1,True,2,2,False
17sz7st,elizacandle,HealfromYourPast,A nice place to be,18,2023-11-12T01:28:20,57,0,True,2,2,False
17c026z,cedricreeves,HealfromYourPast,Guided Meditation Workshop on Healing Childhood Separation and Abandonment: This Sunday 22nd of October,619,2023-10-20T10:03:10,5,0,True,1,1,False
1775ycm,elizacandle,HealfromYourPast,Be kind to yourself,21,2023-10-14T02:57:26,57,0,True,2,2,False
16clodc,cedricreeves,HealfromYourPast,Donation based Half Day Meditation Course on Working through Codependency: this Saturday the 9th of September,1022,2023-09-08T01:30:05,3,0,True,1,1,False
16bfcvv,Aurora_egg,HealfromYourPast,Comic about people pleasing,27,2023-09-06T17:14:17,22,1,True,1,1,False
15u4j0g,elizacandle,HealfromYourPast,Empathy Building,16,2023-08-18T08:13:47,28,2,True,2,2,False
15gm72m,elizacandle,HealfromYourPast,Some Days Are Just Hard,23,2023-08-03T06:32:44,50,0,True,2,2,False
150otb1,nosleepforthedreamer,HealfromYourPast,"This just came in the mail!! I’m so excited! If anyone else has read it or identifies as “highly sensitive,” please share your thoughts/experiences :)",150,2023-07-16T06:19:21,29,11,True,2,2,False
14yb6n5,elizacandle,HealfromYourPast,"BPD Amber, PsyD Student, LMHCA on TikTok",40,2023-07-13T12:57:58,0,4,True,1,1,False
14ya2h4,elizacandle,HealfromYourPast,But How?,8,2023-07-13T12:00:46,0,0,True,1,1,False
1p4bxom,abcphotos,pics,Sunset clouds over my local mountains [oc],42,2025-11-23T11:06:06,1,0,True,2,2,False
1p4bwzw,13thBeard,pics,Purdue! You thought we wouldn't notice and you think we will forget ! NEVER!!!,78,2025-11-23T11:05:09,3,0,True,2,2,False
1p4bqxr,Secret_Flight_2669,pics,[OC] Dinner today,17,2025-11-23T10:56:48,0,4,True,2,2,False
1p4blhk,souschefdude,pics,Birds on a pile,15,2025-11-23T10:48:52,3,0,True,2,2,False
1p4bj3z,JellyfishLoud2643,pics,[OC] My baby carrot was shaped like Bill Clinton's saxophone,60,2025-11-23T10:45:31,0,7,True,2,2,False
1p4b2nv,oldburgerguy,pics,Young possum at the compost pile,32,2025-11-23T10:22:23,49,7,True,2,2,False
1p4arha,OverallBaker3572,pics,[OC] The Silence on West Papua's Struggle for Independence from Indonesia,73,2025-11-23T10:07:10,64,4,True,2,2,False
1p4aivn,nephelodusa,pics,Shout out to this silly sumbitch,32,2025-11-23T09:55:25,4,5,True,2,2,False
1p4aijv,9VoltGorilla,pics,I accidentally did a vintage double exposure with my folded car mirror and roses in my window [OC],98,2025-11-23T09:54:58,5,3,True,2,2,False
1p4ae0a,broxhachoman,pics,Friend and I did a photoshoot on the beach,42,2025-11-23T09:48:31,6,1,True,7,5,False
1p4acl3,TravelforPictures,pics,Dodger stadium and DTLA [OC],28,2025-11-23T09:46:23,27,2,True,2,2,False
1p4ab0e,TravelforPictures,pics,Downtown Los Angeles looking small [OC],39,2025-11-23T09:44:10,8,1,True,2,2,False
1p4a3bh,shaylynn93,pics,My husband casually forged this for me today. Like it was no big deal. I’m in awe.,82,2025-11-23T09:33:24,16106,487,True,2,2,False
1p49fia,NastyNice1,pics,"Sunset in Houten, the Netherlands [OC]",38,2025-11-23T09:01:11,86,3,True,2,2,False
1p49anr,FlowersOnThePath,pics,[OC] pastry : black forest eggless,34,2025-11-23T08:54:34,2,0,True,2,2,False
1p47qa9,monday_madrigal,pics,Fallout in Real Life,20,2025-11-23T07:41:35,8,3,True,3,3,False
1p47cyn,TinyHomeGnome,pics,Found this little guy at our dig site,37,2025-11-23T07:24:35,504,31,True,2,2,False
1p46w27,_icecoldst,pics,(OC) My little garden,21,2025-11-23T07:03:36,37,9,True,2,2,False
1p46hbi,concretetroll60,pics,[OC] Pallet Jack,16,2025-11-23T06:45:07,0,1,True,2,2,False
1p460xp,danthoms,pics,(OC) He said that he’s “bored”,30,2025-11-23T06:24:36,2426,536,True,2,2,False
1p45ons,Mekmekz,pics,[OC]Part of my walk today,25,2025-11-23T06:09:38,120,4,True,2,2,False
1p459lx,Supergamera,pics,The Beer (and more) Advent Calendar we made for our (adult) son this year,73,2025-11-23T05:51:20,134,35,True,2,2,False
1p45496,ohmyschmax,pics,Thought I was about to score a great deal at Old Navy for penis,63,2025-11-23T05:44:51,0,9,True,2,2,False
1p446oh,Helpinmontana,pics,The cylinder must remain intact,31,2025-11-23T05:05:33,0,2,True,2,2,False
1p43v24,Acrobatic_Soup5358,pics,[OC] I got a nice view of the houses on the mountain,52,2025-11-23T04:51:33,0,2,True,2,2,False
1p43pko,backmost,pics,Socially distanced ornament,27,2025-11-23T04:44:59,11,1,True,2,2,False
1p439os,JellyfishLoud2643,pics,[OC] Emperor Penguin on Turkish Coffee,38,2025-11-23T04:25:50,11,3,True,2,2,False
1p42rqm,JustalittleCutie8,pics,OC-Pretty Sunset,16,2025-11-23T04:04:13,54,2,True,2,2,False
1p41yy5,CantStopCackling,pics,Pic of my legal aid denial [OC],31,2025-11-23T03:30:18,0,13,True,2,2,False
1p41ecl,No_Refrigerator_1632,pics,During an Indie Wrestling show in 2025,38,2025-11-23T03:06:40,1371,54,True,2,2,False
1p4c76a,Sad_Future3078,art,"With a liberal allowance of time, Connie Slack, oil on canvas, 1984",67,2025-11-23T11:19:22,1,0,True,2,2,False
1p4c6tw,LorBopBop,art,"Charlie, Lemary(me), digital painting, 2025",43,2025-11-23T11:18:53,1,0,True,2,2,False
1p4bhiy,speakout5,art,"Losing It, Speakout5, mixed media, 2025",39,2025-11-23T10:43:21,11,0,True,2,2,False
1p4aws3,Historical-Pop-9177,art,"Self-portrait, Mathbrush (me), masking tape, 2025",49,2025-11-23T10:14:29,43,1,True,2,2,False
1p4alkh,whyrahwyd,art,"Sanrio X The Beatles, Me / Whyrahwyd, Digital Art, 2025",55,2025-11-23T09:59:13,6,0,True,2,2,False
1p4a6lj,probablyalexa,art,"Videogames, palomalexa (me), Digital Painting, 2025",51,2025-11-23T09:38:00,2,0,True,2,2,False
1p4a1pd,SillycybinSaoirse,art,"Past drug abuse, Saoirse (me), ink,2025",39,2025-11-23T09:31:05,9,0,True,2,2,False
1p4a17n,marlokiuwu,art,"Untitled, Marlokie, digital, 2025",33,2025-11-23T09:30:24,41,1,True,2,2,False
1p49m5r,MechanicOk375,art,"More art of astropup, me/sleepygaypuppy, digital, 2025",54,2025-11-23T09:09:58,1,0,True,2,2,False
1p49ht9,MechanicOk375,art,"Astropup, me/sleepygaypuppy, digital, 2025",42,2025-11-23T09:04:15,2,1,True,2,2,False
1p497vu,GonzoNick13,art,"“The Serpent at Sock Island”, GonzoNick (me), digital with colored pencil, 2913",79,2025-11-23T08:50:42,5,0,True,2,2,False
1p496b8,Clevererer,art,"""Self Untitled"", thesauruslike, digital, 2026",45,2025-11-23T08:48:29,1,0,True,1,1,False
1p48ig4,domiboshoi,art,"Boats at bay, domiboshoi (me), watercolour, 2025",48,2025-11-23T08:17:11,8,0,True,2,2,False
1p47kf8,stringbender65,art,"Creche, Steve Shields (me), Acrylic on canvas board, 2025",57,2025-11-23T07:33:57,5,0,True,2,2,False
1p47000,Ch1nchillaRage_,art,"Jungle Gym, Vasquetch (me), Color Pencil, 2025",46,2025-11-23T07:08:42,23,1,True,2,2,False
1p46q0q,awanderertarot,art,"Satanic Panic, awanderertarot (me), acrylic on canvas, 2025",59,2025-11-23T06:56:14,15,0,True,2,2,False
1p46ibx,crakahman,art,"""sade,"" crakahman, acrylic on canvas, 2020",42,2025-11-23T06:46:22,14,2,True,2,2,False
1p46ce6,Emotional_Alarm8279,art,"Rendez-Meow, ginevradegart (me), acrylic on canvas, 2025",56,2025-11-23T06:38:54,7,0,True,2,2,False
1p465ko,ruka_Z,art,"Girl Looking Up, lucas_fndlg, digital, 2025",43,2025-11-23T06:30:20,6,0,True,2,2,False
1p45f0l,dtfdallas,art,"Sunflower, dtfdallas (me), Watercolor, 2022",43,2025-11-23T05:57:52,57,0,True,2,2,False
1p45bj1,bhavnamisra,art,"Untitled Sunset, Bhavna Misra, Oil, 2025",40,2025-11-23T05:53:41,132,5,True,2,2,False
1p4569o,ktcat146,art,"Hopscotch, Catherine Grace Fine Art (me), Digitally-altered photography, 2025",77,2025-11-23T05:47:16,6,0,True,2,2,False
1p44xda,LobsterSaucey,art,"Naiad, AG (me), acrylic on canvas, 2025",39,2025-11-23T05:36:23,23,0,True,2,2,False
1p44xcn,Leteramma,art,"towerorsometingidk, leteramma, blender, 2025",44,2025-11-23T05:36:21,6,1,True,2,2,False
1p434k2,Silent-Impressions,art,"The Colors That Stayed, T Suzi, Oil on canvas panel, 2025",57,2025-11-23T04:19:47,46,0,True,2,2,False
1p42xzf,Calm_Eagle_5927,art,"I don’t know what to do, sr.ateno(me), Digital, 2025",52,2025-11-23T04:11:48,35,0,True,2,2,False
1p424ml,galld011,art,"Summer Sun, GallelaD, Watercolor on paper, 2025",47,2025-11-23T03:36:56,18,0,True,2,2,False
1p421vj,Educational_Bit8972,art,"Starlight Drift, me (educational_bit8972), colored pencil, 2025",63,2025-11-23T03:33:37,29,1,True,2,2,False
1p41hvt,mich-spich,art,"Bonsai Horns, Mich-Spich, Pixel Art, 2023",41,2025-11-23T03:10:41,133,0,True,2,2,False
1p41bs2,eyesuck420,art,"""Twin Flames,"" myself, oil on canvas, 2024",42,2025-11-23T03:03:50,7,0,True,2,2,False
1p1rlwu,Syscrush,photography,"Here it is, your reminder that megapixels on their own mean almost nothing",947,2025-11-20T10:35:15,165,143,True,1,1,False
1p18y96,nationalgeographic,photography,National Geographic's Pictures of the Year 2025 just launched,446,2025-11-19T22:21:29,167,16,True,1,1,False
1oyt7b7,TestFlightBeta,photography,Is bigger really better when it comes to on-camera flash diffusers?,1598,2025-11-17T02:30:42,13,12,True,1,1,False
1oxv3f1,Firefoxagain,photography,how to remove old O'Connor head from tripod,270,2025-11-15T23:53:07,4,3,True,1,1,False
1ouic7u,InternetBroad,photography,After a year using ShootProof – I don’t recommend it,2330,2025-11-12T03:07:00,5,3,True,1,1,False
1otzxdp,TheTracyTimes,photography,How to connect a Canon R50 to a NEEWER NW620 Speedlite Flash?,678,2025-11-11T12:17:45,1,2,True,1,1,False
1otgwmn,clondon,photography,[Annoucement] Photoclass 2026 is here!,3316,2025-11-10T23:34:40,86,15,True,1,1,False
1otf3wb,thehumanpulse,photography,Street Photography in Canada,213,2025-11-10T22:24:22,0,0,True,1,1,False
1ot8vj7,Alestew09,photography,¿dónde debería colocar el flash?,692,2025-11-10T16:54:36,0,3,True,1,1,False
1oslm8t,cnn,photography,How one photographer got access to 1960s rock royalty,741,2025-11-09T23:06:09,10,0,True,1,1,False
1oqqtlq,edwardianpug,photography,DIY Remote control precision photography turntable,176,2025-11-07T18:23:27,2,0,True,1,1,False
1oqhji7,nothximjustbrowsin,photography,Tools for creating this sand effect?,639,2025-11-07T09:41:05,8,11,True,1,1,False
1oqfbqr,lasagna165,photography,Canon adds a 32-megapixel sensor and 7K video to the new EOS R6 Mark III,72,2025-11-07T08:02:04,414,96,True,1,1,False
1opt47t,onemansbrand,photography,"Canon R6 III Hands-On Review - One Small Step for Photography, One Giant Leap for Video-Kind - Imaging Resource",111,2025-11-06T16:01:18,13,1,True,1,1,False
1ophytw,qtx,photography,"""I made a 3200MP 16b ""medium format"" linear scan camera using a raspberry pi 5 +piolib directly interfacing a linear CCD sensor"". More in comments.",147,2025-11-06T06:50:13,356,74,True,1,1,False
1opgl0k,DaveM_Neo,photography,"Toronto photographer Norman Wong on rejection, debt, cancer—and shooting Drake, Bella Hadid, and Kevin Hart",912,2025-11-06T05:57:07,7,0,True,1,1,False
1onp7ls,404mediaco,photography,Kodak Quietly Begins Directly Selling Kodak Gold and Ultramax Film Again,72,2025-11-04T05:50:43,50,9,True,1,1,False
1okucv1,popepaulpop,photography,"Tired of Adobe, Affinity is free from today",205,2025-10-31T21:17:46,733,228,True,1,1,False
1oj4ffj,TylerFortier_Photo,photography,Comedy Wildlife Awards 2025 – in pictures | Wildlife,1137,2025-10-29T21:23:56,7,1,True,1,1,False
1oj2bki,Movie-Kino,photography,"‘It’s been a cesspit, really, my life’: war photographer Don McCullin on 19 of his greatest pictures | Photography",114,2025-10-29T19:47:00,298,20,True,1,1,False
1oizk1x,tarmpaket,photography,Let's talk about composition in woodland/forest photography,2637,2025-10-29T17:05:41,25,15,True,1,1,False
1oiz7ck,Federal-Okra13,photography,Adidas Fall/Winter 2025 Collection with a Campaign Shot By Daido Moriyama,212,2025-10-29T16:42:23,1,1,True,1,1,False
1oigrbh,AQuietMan,photography,Photographing Oregon’s frontier through glass plate negatives | From the Oregon Experience Archive,98,2025-10-29T02:07:10,2,0,True,1,1,False
1ohj23s,nyccameraman,photography,What we lost when cameras got better-By Gerard Joehri.,163,2025-10-28T00:26:55,56,70,True,1,1,False
1ohbxbq,clondon,photography,AMA Annoucement: Max from House of Spoils (October 30 @ 10am PST),710,2025-10-27T19:31:48,4,0,True,1,1,False
1ogbgxw,MoistLoveMuscle,photography,Test Photos,2107,2025-10-26T12:23:43,0,2,True,1,1,False
1og00ep,Rathauda,photography,Asus PG27UCDM for Photo editing,925,2025-10-26T03:15:26,3,6,True,1,1,False
1ofz16v,The_Tripper,photography,3 Legged Thing Nicky Parts,510,2025-10-26T02:34:54,1,1,True,1,1,False
1ofhroy,roxgib_,photography,Four photographers taken to hospital after horror Supercars crash,65,2025-10-25T11:49:04,136,20,True,1,1,False
1odqxud,brvnter,photography,In-house photographer compensation,1204,2025-10-23T09:50:20,6,12,True,1,1,False
1p4c5np,Popular-Scholar-7781,itookapicture,ITAP of a back alley,20,2025-11-23T11:17:15,1,1,True,2,2,False
1p4btgb,redcccp,itookapicture,ITAP of a church,16,2025-11-23T11:00:20,2,1,True,2,2,False
1p4bqxc,FrankFJohnson,itookapicture,ITAP of a building,18,2025-11-23T10:56:47,1,1,True,2,2,False
1p4b6mv,UUUGGHH,itookapicture,ITAP of a mountain,18,2025-11-23T10:27:56,5,1,True,2,2,False
1p4apmi,carrion34,itookapicture,ITAP of the river in early fall,31,2025-11-23T10:04:35,7,1,True,2,2,False
1p4akll,philosophicalpossum,itookapicture,ITAP of many street cables,26,2025-11-23T09:57:51,4,6,True,2,2,False
1p4ag0s,No_Foundation_48,itookapicture,ITAP of the Venice Beach Pier in the fog,40,2025-11-23T09:51:22,4,1,True,2,2,False
1p499by,xscorpio12x,itookapicture,ITAP of a tree in fall,22,2025-11-23T08:52:43,1,1,True,2,2,False
1p48yb1,Fizzy_Reyden,itookapicture,ITAP of a flowers,17,2025-11-23T08:37:45,4,1,True,2,2,False
1p48y23,ZeroFksSir,itookapicture,"ITAP of Sky Full of Hot air Ballons at Luxor, Egypt",51,2025-11-23T08:37:27,62,2,True,2,2,False
1p48rcb,Lezflano1,itookapicture,"ITAP of an old gentleman, taking a picture of leaf",50,2025-11-23T08:28:34,2,1,True,2,2,False
1p48pwy,jperridv,itookapicture,"ITAP of Snake Hill (Staten Island, NY)",38,2025-11-23T08:26:43,20,1,True,2,2,False
1p48dj5,Gapster11,itookapicture,ITAP of a wall,14,2025-11-23T08:10:57,3,2,True,2,2,False
1p47rn7,duckleydoesart,itookapicture,ITAP of a mallard couple,24,2025-11-23T07:43:22,3,1,True,2,2,False
1p47owy,UrUncleRandy,itookapicture,"ITAP of a lake (and flipped it, for fun)",40,2025-11-23T07:39:50,159,2,True,2,2,False
1p46x63,Roger_Brown92,itookapicture,ITAP of my car,14,2025-11-23T07:05:04,12,7,True,2,2,False
1p46dgo,redditchipp5801,itookapicture,ITAP of the inside of a abandoned train in Brazil,49,2025-11-23T06:40:16,4,1,True,2,2,False
1p460vk,madmartigan2020,itookapicture,ITAP of my reflection in the eye of my dog,42,2025-11-23T06:24:32,7,2,True,2,2,False
1p452xm,Wimair,itookapicture,ITAP of a sea of fog,20,2025-11-23T05:43:13,135,2,True,2,2,False
1p44v5g,FrankFJohnson,itookapicture,ITAP of a traffic light,23,2025-11-23T05:33:41,2,1,True,2,2,False
1p44t1p,thefooleryoftom,itookapicture,ITAP of a front door,20,2025-11-23T05:31:12,2,2,True,2,2,False
1p43t89,TheKatsch,itookapicture,ITAP of a spider eating a bug,29,2025-11-23T04:49:21,10,4,True,2,2,False
1p43crw,FrankFJohnson,itookapicture,ITAP of the CN tower,20,2025-11-23T04:29:38,5,1,True,2,2,False
1p42wzp,l3v3c,itookapicture,ITAP of coots in the lake,25,2025-11-23T04:10:34,5,1,True,2,2,False
1p42khq,brytonslc_photo,itookapicture,ITAP of a Cafe Sign,19,2025-11-23T03:55:53,1,2,True,2,2,False
1p42jdb,Ok-Editor1216,itookapicture,ITAP of sake barrels in Japan,29,2025-11-23T03:54:32,12,2,True,2,2,False
1p42c6d,ShortAndBadCircuit,itookapicture,ITAP of  Honeybee at work,25,2025-11-23T03:46:01,8,2,True,2,2,False
1p428a4,declanharper804,itookapicture,ITAP of a historic building,27,2025-11-23T03:41:24,1,1,True,2,2,False
1p41ydv,9VoltGorilla,itookapicture,ITAP of an Adolescent Hummingbird,33,2025-11-23T03:29:41,18,1,True,2,2,False
1p40ygk,Jolly-Region2618,itookapicture,ITAP of the Chrysler Newport 1968,33,2025-11-23T02:48:54,25,5,True,2,2,False
1p485pn,Cheap-Owl7405,images,What is the orange on the sky and on the jacket,47,2025-11-23T08:01:11,1,0,True,2,2,False
1p2qqhb,AceThunderbolt,images,he signed it!,13,2025-11-21T13:48:26,13,0,True,2,2,False
1p2jbah,but_hillarys_emails,images,Pedo Piggy,10,2025-11-21T07:54:36,1042,34,True,2,2,False
1p0iuo1,PinMyTea,images,"Yes, that is a real pine cone! epic! 🍍",38,2025-11-19T01:55:48,31,6,True,2,2,False
1os46bs,narcisister1,images,"Dear Jesus.....(yes, an actual Trump meme with the word 'Jesus' in it)",70,2025-11-09T07:44:35,2858,87,True,2,2,False
1oqfmkd,ThisDadsJoke,images,"If you put root beer in a square cup, it turns into beer.",57,2025-11-07T08:14:58,0,3,True,2,2,False
1ood7yw,wrongturnz,images,Misty trail through fall woods,30,2025-11-05T01:21:04,19,1,True,2,2,False
1olyy2y,[deleted],images,I think I’ll call her… Socks!,51,2025-11-02T05:01:53,7,3,True,2,2,False
1oj5djk,DiamondsInMyMuff,images,Boomer Finally Got Adopted After Spending 549 Days In The Shelter. He Already Knows How To Use A Recliner.,106,2025-10-29T22:02:41,72,5,True,2,2,False
1oikpwa,1boobStillGood,images,This Painting The Doctor I Work For Just Had Me Pay $900 To Purchase It.,72,2025-10-29T04:37:21,227,103,True,2,2,False
1ofyyus,cryptic_lens,images,Fall back road.,36,2025-10-26T02:32:15,7,1,True,2,2,False
1ofyn9g,WhiteOutIsRacist,images,"Who Remembers This? Blockbuster, Domino's Pizza, &amp; Friday nights?",69,2025-10-26T02:19:13,92,2,True,2,2,False
1odtx1u,Amazing_Syrup5143,images,Halloween decorations,21,2025-10-23T12:24:17,12,1,True,2,2,False
1od3nnu,pr0si0nalizm,images,Duck,4,2025-10-22T17:33:16,29,3,True,2,2,False
1o7juu8,International-Self47,images,"June 4, 2023 Brazilian photographer Leonardo Sens succeeded in capturing a shot that shows the supermoon appearing as if it is resting in the hands of the Christ the Redeemer statue.",182,2025-10-16T02:58:53,79,1,True,2,2,False
1o1b8gk,DullWrist,images,"Jee, glad these soldiers that Trump sent to Chicago aren't generals!",68,2025-10-08T21:57:54,2707,1497,True,2,2,False
1o0pioa,Tingle-My-Dingle,images,I Wonder How Much That Bag Cost?,32,2025-10-08T04:01:09,43,12,True,2,2,False
1nxbypd,Chemical_Ebb4585,images,Soviet/Russian Lun-class Ekranoplan,467,2025-10-04T05:37:27,131,2,True,3,3,False
1nv8j81,NikaNoytoya,images,The USS Stockdale,17,2025-10-01T21:41:38,104,2,True,2,2,False
1nulztg,DoctoralCunt,images,Somehow I think this church knew what they really meant.,56,2025-10-01T03:02:40,142,3,True,2,2,False
1nk8xfv,rveillon,images,Secret gardens,45,2025-09-18T21:53:33,340,7,True,15,5,False
1n964w3,SammyShurasShit,images,"Hey, Does This Bring Back Memories For Anybody? (any old people here?)",70,2025-09-05T22:02:59,2989,204,True,2,2,False
1n7mr8i,Tingle-My-Dingle,images,"Damn you, Tommy Tutone! 8675309",31,2025-09-04T02:26:28,2140,46,True,2,2,False
1n3fp7d,FrankWanders,images,The oldest image of Stonehenge in the United Kingdom :O,55,2025-08-30T02:45:00,56,0,True,2,2,False
1mtn5hu,DragonishBalls,images,Wake Up Daddy! Get your fat ass out of bed.,43,2025-08-18T22:11:03,58,2,True,2,2,False
1mqyirs,Suzie_Skywarp,images,My Brothers....35 years apart.,30,2025-08-15T21:54:05,626,11,True,2,2,False
1mpbihd,Spirited-Ad9021,images,My front yard covered in frost!,31,2025-08-14T01:54:10,16,0,True,2,2,False
1ml1r92,2tooORtutu,images,Anybody Remember Danica Patrick? (4 pics),372,2025-08-09T01:39:26,586,88,True,4,4,False
1mkjq4b,ThisDadsJoke,images,What did the ocean say to the boat? Nothing. It just waved at him.,66,2025-08-08T10:45:10,0,0,True,2,2,False
1mihdp8,_T42_,images,Same energy.,12,2025-08-06T02:35:57,49,0,True,2,2,False
1p45x5x,Sazo__2,pic,"Steiermark, Austria",19,2025-11-23T06:20:00,3,3,True,2,2,False
1p0v88d,Applephonessuck,pic,Frog,4,2025-11-19T10:12:37,18,7,True,2,2,False
1p0b1ix,Top_Leadership9575,pic,"India, west bengal",18,2025-11-18T20:48:48,83,3,True,2,2,False
1ory088,OldMinerBitcoin,pic,"Umag, Croatia",13,2025-11-09T03:21:10,29,2,True,2,2,False
1onlha5,Elmiguelokids,pic,"Mar del Plata, Argentina",24,2025-11-04T03:32:19,26,4,True,2,2,False
1ok6i6m,dp_abolitionist,pic,"Zagreb, Croatia",15,2025-10-31T01:46:58,41,0,True,2,2,False
1og69ge,TheSilentPeep,pic,"Pelee Island, Ontario",21,2025-10-26T07:49:34,24,3,True,2,2,False
1odnkxe,instantapps,pic,Tbilisi. Georgia.,17,2025-10-23T07:13:04,136,19,True,2,2,False
1oaf2vb,chickichanga,pic,"Pai Plong Beach, Thailand",25,2025-10-19T11:08:36,26,1,True,2,2,False
1o4qd34,Naturbabygirl,pic,"Plitvička Lakes National Park, Croatia",38,2025-10-12T22:23:06,55,4,True,2,2,False
1nylhlb,SmoothBrainApe89,pic,Toronto,7,2025-10-05T19:14:19,62,4,True,2,2,False
1nfb4sb,Ok-Preparation8256,pic,Delhi,5,2025-09-13T02:38:40,32,4,True,2,2,False
1n8s14m,RealistMind,pic,Toronto,7,2025-09-05T09:20:09,55,5,True,2,2,False
1n51f9u,numbatu2,pic,Brandt’s Cormorants with Babies.,32,2025-09-01T01:59:15,102,0,True,2,2,False
1n1j4g7,Patecatli,pic,Sunrise over the Thames,23,2025-08-27T22:49:16,23,1,True,2,2,False
1mdhn3r,Brief-Buy9191,pic,Natural History Museum:  London,31,2025-07-31T04:32:13,68,4,True,2,2,False
1m7tudy,Fraegtgaortd,pic,"Sunset in Salzburg, Austria",27,2025-07-24T11:34:07,29,3,True,2,2,False
1m6ratg,omegacrunch,pic,Pigeon On Hand,14,2025-07-23T05:51:05,26,8,True,2,2,False
1lz90cb,Jack_Straw_1974,pic,Car Hit by Lightning,20,2025-07-14T08:57:48,927,49,True,2,2,False
1ly2667,Count_Dongula,pic,"London Bridge, Lake Havasu City, Arizona",40,2025-07-12T22:45:25,47,3,True,2,2,False
1ls0hdt,runsredlights,pic,Bridge,6,2025-07-05T11:28:13,203,5,True,2,2,False
1lrxay0,hkzqgfswavvukwsw,pic,Trees,5,2025-07-05T08:20:07,79,6,True,2,2,False
1lqircs,Hatstule,pic,Horse,5,2025-07-03T14:42:52,74,6,True,2,2,False
1lom3tn,Dry_Growth7823,pic,The Himalayas,13,2025-07-01T07:03:56,79,4,True,2,2,False
1lm114s,MilanKucan,pic,Lake Bohinj Slovenia,20,2025-06-28T02:17:41,118,8,True,2,2,False
1l6y10h,CFRNEdmonton,pic,Moonrise sundown,16,2025-06-09T14:50:13,315,10,True,2,2,False
1l3t6ar,Seniorhusky1,pic,"Asunción, Paraguay",18,2025-06-05T15:31:03,33,1,True,2,2,False
1kx8hj1,Trout_Gaming,pic,"Philadelphia, South Street",26,2025-05-28T12:48:24,41,1,True,2,2,False
1kwc7v4,ShadyStitch,pic,"Leeds, England.",15,2025-05-27T10:24:02,25,5,True,2,2,False
1kveg06,Austinmc3232,pic,Pier at AMI,11,2025-05-26T06:07:39,34,2,True,2,2,False
1dvg7sn,TripTilt,EyeCandy,Baking Pagan Bacon 🌈🥓✨ Psychedelic Satisfying Loop made with Blender Cloth Sim and Geometry Nodes ,98,2024-07-05T04:15:50,9,1,True,1,1,False
1at4460,TripTilt,EyeCandy,✨ 420 Degrees of Weed Whispers 🥦 I made a Cannabis Kaleidoscope Artwork,71,2024-02-17T23:11:19,8,0,True,1,1,False
1afitr7,TripTilt,EyeCandy,✨ Chaotic Cosmic Circus Culture 🌈 Hypnotic Psychedelic Trippy Kaleidoscope Loop Animation in 4K with spaced out soundtrack,122,2024-01-31T22:16:24,7,2,True,1,1,False
19cuirs,TripTilt,EyeCandy,✨ Fatalistic Fateflower ✨ a chilled kaleidoscope loop with selfcomposed soundtrack ✨,84,2024-01-22T20:27:07,1,0,True,1,1,False
1854ib9,toxictuba_,EyeCandy,Very Vile Void Worm Violation /// Trippy Kaleidoscope Animation + Soundtrack,76,2023-11-27T22:42:23,4,0,True,1,1,False
17oeet1,toxictuba_,EyeCandy,Plus Plus Super Gud /// Trippy Colorful smooth motion graphics animation with my own music,90,2023-11-05T23:33:18,4,0,True,1,1,False
16qzg15,toxictuba_,EyeCandy,all sides of the tides /// mesmerizing Blender + After Effect Kaleidoscope + soundtrack,87,2023-09-24T22:44:36,5,3,True,1,1,False
13sg670,SugarBabeSeeksLuv,EyeCandy,Welcome to Monaco 🇲🇨,20,2023-05-26T23:25:32,8,0,True,8,5,False
13pqdkm,Imagination2AI,EyeCandy,Imagination2AI - (SCH - Loup noir edit),39,2023-05-23T22:36:28,5,1,True,1,1,False
13pkcte,Imagination2AI,EyeCandy,Imagination2AI - Brother Culture Edit,37,2023-05-23T18:17:21,2,1,True,1,1,False
11bg8mx,redstrawberrypie,EyeCandy,Euler's Disk is eye candy and ear candy at the same time,56,2023-02-25T16:43:00,6,0,True,1,1,False
zv0xxg,joyhan,EyeCandy,Kaleidoscope Cosmic Reflections pt.4 [4K],41,2022-12-26T00:12:21,5,0,True,1,1,False
zmai6y,abandonedxearth,EyeCandy,green and yellow waterpark,26,2022-12-15T11:08:31,11,0,True,2,2,False
z8smgb,Main_Picture_3156,EyeCandy,"Baltimore, MD",13,2022-11-30T22:17:30,40,1,True,2,2,False
yqgp7m,AndyCrawfordPhotos,EyeCandy,Enjoying sunrise on the Texas coast,35,2022-11-09T19:49:44,20,1,True,2,2,False
yndj4q,Paltry_Poetaster,EyeCandy,Louis Rolland Trinquesse (1745 - 1799) - Fires of Love [4000 x 3268],68,2022-11-06T09:55:16,14,0,True,2,2,False
x13d8g,KmountainDew,EyeCandy,Mercury and corn syrup,22,2022-08-30T07:32:31,10,3,True,1,1,False
voidjq,LambLorb,EyeCandy,Pretty,6,2022-07-01T04:43:10,0,0,True,2,2,False
uzaa9m,Tearoffyourskin,EyeCandy,Magnesium rain in Ukraine,25,2022-05-28T07:08:40,5,2,True,1,1,False
utkbyf,[deleted],EyeCandy,Jackson Browne 👁🍬🍬🍬💯❣️❣️❣️❣️❣️❣️❣️❣️❣️❣️,40,2022-05-20T11:28:41,0,1,True,2,2,False
ujxejd,gmc3101,EyeCandy,"Photo illustration of a colorful garden at Seward Park in Seattle, Washington. OC",81,2022-05-07T05:09:12,17,0,True,2,2,False
u9hdey,eureka_yess,EyeCandy,50 Celebrities Morphing Into Their Historical Dopplegängers,59,2022-04-22T23:31:31,2,0,True,1,1,False
u8bipo,Abek243,EyeCandy,yellow potted flower with the sun shining on it,47,2022-04-21T09:08:49,21,1,True,2,2,False
s9u11c,GiantsXLII,EyeCandy,"Driving through the Utah desert, June 2019",42,2022-01-22T12:27:06,28,0,True,2,2,False
qurcrq,Pwned_Fish,EyeCandy,Just some eye candy of a fire on a cold night,45,2021-11-16T05:47:51,35,0,True,2,2,False
qm05bv,[deleted],EyeCandy,Magical Flume Gorge Waterfall in New Hampshire taken by Cherise Fontanez,72,2021-11-04T01:56:25,43,0,True,2,2,False
ppvq6p,Twinklesuperpalm,EyeCandy,The Real Athens 17 September 2021,33,2021-09-17T15:43:18,3,0,True,1,1,False
p97d0g,AJDeadshow,EyeCandy,Rural European road looks like Van Gogh painting in real life,61,2021-08-22T14:12:46,66,1,True,2,2,False
p3sd5g,ThatParticularPencil,EyeCandy,The way this machine packages Gelato,36,2021-08-14T03:34:22,91,0,True,2,2,False
oway2l,MindYourSkin,EyeCandy,Thor's Well in Oregon,21,2021-08-02T17:18:15,80,2,True,2,2,False
1p3r72b,unix_rust2,wallpapers,[4232x2688] Arch wall hi res link(https://ibb.co/album/0R3tWf),62,2025-11-22T19:40:40,26,0,True,15,5,False
1p3ldd7,Inner_Speaker_335,wallpapers,Space Battleship Yamato 2199 [1920x1080],40,2025-11-22T13:37:01,18,0,True,2,2,False
1p3bc2m,FudgeKnife64,wallpapers,[OC] ICN Wide (3020 × 1699),27,2025-11-22T05:45:12,6,0,True,2,2,False
1p36r9k,roaringfee,wallpapers,Saitama VS Garou [One punch Man] 2240*1400,42,2025-11-22T02:45:05,45,1,True,2,2,False
1p2z19n,badbuoy,wallpapers,Some Avengers [4096x2160],25,2025-11-21T21:46:47,69,4,True,6,5,False
1p2p1ir,Inner_Speaker_335,wallpapers,Doctor Who [1920x1080],22,2025-11-21T12:15:46,3,0,True,2,2,False
1p2c2ao,has_some_chill,wallpapers,Demon Core | 4K Seamless Loop | Live Wallpaper for Your Screen,62,2025-11-21T03:10:58,0,1,True,2,2,False
1p23t9n,unix_rust2,wallpapers,[4232X2688] Debian Pro Hi-res link (https://ibb.co/album/QDP18j(),65,2025-11-20T21:57:23,23,4,True,16,5,False
1p1z5l2,unix_rust2,wallpapers,Debian simple Hi res link (https://ibb.co/album/2nRxzV),55,2025-11-20T17:49:22,6,1,True,20,5,False
1p1rlzi,Inner_Speaker_335,wallpapers,"No, Sir!  All THIRTEEN! (Doctor Who) [1920x1080]",204,2025-11-20T10:35:21,6,2,True,2,2,False
1p13214,unix_rust2,wallpapers,[4798x3071] Debian Manga collection Hi res(https://ibb.co/album/T1gpw5),71,2025-11-19T17:26:16,12,0,True,14,5,False
1p11z4u,unix_rust2,wallpapers,[4798x3071] Debian anime collection link HI RES (https://ibb.co/album/G9z7h9),77,2025-11-19T16:19:58,6,0,True,16,5,False
1p0xw99,Inner_Speaker_335,wallpapers,Space Battleship Arizona Fires Her Guns for the First Time [1920x1080],70,2025-11-19T12:21:35,4,0,True,2,2,False
1p0bx6t,badbuoy,wallpapers,Batman - Ben Affleck [4096x2160],32,2025-11-18T21:28:14,26,1,True,10,5,False
1p08kpg,acoolrocket,wallpapers,New York City - Mornings [1920x1080],205,2025-11-18T18:33:31,131,1,True,2,2,False
1p08h12,acoolrocket,wallpapers,Into the void by murderloft [5120x2880],123,2025-11-18T18:27:16,21,0,True,2,2,False
1p04gue,unix_rust2,wallpapers,[5464x3072] Debian world,24,2025-11-18T14:12:08,15,0,True,16,5,False
1p02ual,Inner_Speaker_335,wallpapers,...Always [1920x1080],21,2025-11-18T12:42:34,10,0,True,2,2,False
1ozvv8x,acoolrocket,wallpapers,Porsche 911 GT2 RWB in Autumn by TilianXposed [3840x2160],189,2025-11-18T07:22:04,66,1,True,2,2,False
1ozvu1n,acoolrocket,wallpapers,Tension by Tiutiunikoff [1920x1080],117,2025-11-18T07:20:44,12,0,True,2,2,False
1oztlfi,has_some_chill,wallpapers,"Constraint [5120x2880] Animated, seamlessly looping, version in the comments",76,2025-11-18T05:52:10,8,2,True,2,2,False
1ozhc5a,Lan_Sulu,wallpapers,Staring at the twilight (1920x1080),35,2025-11-17T22:13:19,19,0,True,2,2,False
1oz54zt,Darmelee,wallpapers,Supergirl wallpaper 4K [3840 x 2160],36,2025-11-17T10:56:52,112,12,True,2,2,False
1oz1chu,acoolrocket,wallpapers,"Star Trek The Experience at the Las Vegas Hilton, 1998 by Dan Goozee [3840x2160]",541,2025-11-17T08:00:53,28,0,True,2,2,False
1oz04vy,acoolrocket,wallpapers,"Chicago at Night from the Hancock Building, 2011 by @cjsmithphotography [3840x2160]",359,2025-11-17T07:07:01,76,1,True,3,3,False
1oyyzd0,Inner_Speaker_335,wallpapers,Thundarr the Barbarian by Michael Cho [1920x1080],295,2025-11-17T06:19:34,0,0,True,2,2,False
1oynkw3,badbuoy,wallpapers,Neon Skyline [3840x2160],24,2025-11-16T22:49:04,67,2,True,7,5,False
1oykqfo,Darmelee,wallpapers,Darmelee Wallpaper - Flowers and Train 4K [3840x2160],249,2025-11-16T20:40:07,16,0,True,2,2,False
1oydvdj,Inner_Speaker_335,wallpapers,Harley and Ivy [1920x1080],26,2025-11-16T13:50:42,4,0,True,2,2,False
1oy4r6f,shootthesound,wallpapers,32:9 and 21:9 Wallpapers - via smart crop - 11/16 [OC],225,2025-11-16T06:24:28,168,5,True,19,5,False
1p46v65,Ramoth129,NatureIsFuckingLit,"🔥Seceda Ridgeline, Dolomites, Italy, on a perfect day (OC)",58,2025-11-23T07:02:31,286,9,True,2,2,False
1p462wx,VenomXTs,NatureIsFuckingLit,🔥 A Early Houston Take Off,314,2025-11-23T06:27:04,295,5,True,2,2,False
1p44er3,FloatyFloatyCloud,NatureIsFuckingLit,🔥15 images from Nature Photographer of the Year 2025,181,2025-11-23T05:14:48,2659,85,True,15,5,False
1p42tda,Mint_Perspective,NatureIsFuckingLit,🔥 The Original Frozen Dinner: Mink Style,40,2025-11-23T04:06:14,5997,36,True,3,3,False
1p3zx7l,Sharp-Ad-9221,NatureIsFuckingLit,🔥Misty morning in the Canadian mountains (OC),64,2025-11-23T02:07:31,295,7,True,2,2,False
1p3zdtw,Fethecat,NatureIsFuckingLit,🔥Symbiotic relationship between a jackdaw and a red deer,119,2025-11-23T01:46:22,14689,251,True,1,1,False
1p3ucjd,andrewrimanic,NatureIsFuckingLit,🔥 The shallows of the Lillooet river,36,2025-11-22T22:18:44,46,1,True,2,2,False
1p3qjt1,amonaloli12,NatureIsFuckingLit,🔥 Have you ever heard an owl sneeze?,36,2025-11-22T19:01:45,3141,45,True,1,1,False
1p3nl01,Prestigious-Wall5616,NatureIsFuckingLit,"🔥 African wild dogs, hyena and crocodile in an interspecies competition for a meal",286,2025-11-22T15:51:28,6452,236,True,1,1,False
1p3jtvo,SingingSkyPhoto,NatureIsFuckingLit,🔥Montana Wildflower Collection,498,2025-11-22T12:13:12,1258,21,True,20,5,False
1p3asdh,ProfEarth,NatureIsFuckingLit,🔥Fog Bow.,9,2025-11-22T05:23:07,233,3,True,1,1,False
1p3anfe,ProfEarth,NatureIsFuckingLit,"🔥Oulanka national Park, Finland [19 November 2025, 12:26]",57,2025-11-22T05:17:50,174,5,True,2,2,False
1p39whc,StripedAssassiN-,NatureIsFuckingLit,🔥 A male Tiger in Panna National Park interacting with his sub adult cubs. 🔥,76,2025-11-22T04:48:09,5277,33,True,6,5,False
1p39atg,Beneath_The_Waves_VI,NatureIsFuckingLit,🔥 Something about this octopus caught my eye. See if you notice it too! [OC],552,2025-11-22T04:24:19,1179,111,True,1,1,False
1p337hm,Amazing-Edu2023,NatureIsFuckingLit,"🔥have a flower day, Mexico",26,2025-11-22T00:31:08,169,3,True,2,2,False
1p31lvx,therra123,NatureIsFuckingLit,"🔥 A hiker captures his own shadow floating in the mountain mist, surrounded by a glowing solar halo",99,2025-11-21T23:30:11,39979,374,True,1,1,False
1p2umcs,Fethecat,NatureIsFuckingLit,🔥Musk ox territorial display,62,2025-11-21T17:53:25,1413,31,True,1,1,False
1p2se6s,Prestigious-Wall5616,NatureIsFuckingLit,🔥 Crow flies off with his Dr Pepper,286,2025-11-21T15:28:57,1087,107,True,1,1,False
1p2kgmb,SystematicApproach,NatureIsFuckingLit,🔥 The butterfly dragonfly,25,2025-11-21T08:44:35,4957,29,True,2,2,False
1p2hfnz,tuyaux1105,NatureIsFuckingLit,🔥 Pileated woodpecker nomming away on suet and enjoying a tree limb full of bugs.  I don't see him much but he's a handsome one!,128,2025-11-21T06:35:26,223,15,True,4,4,False
1p2ffj2,carthuscrass,NatureIsFuckingLit,🔥 More photos from a foggy morning on Reelfoot Lake.,179,2025-11-21T05:18:27,304,11,True,7,5,False
1p2827b,Amazing-Edu2023,NatureIsFuckingLit,"🔥have a nature day! Zacatlan, Mexico",36,2025-11-21T00:44:15,299,5,True,2,2,False
1p22u3l,Fethecat,NatureIsFuckingLit,🔥Coronal mass ejection above northern Norway [OC],87,2025-11-20T21:13:44,2994,63,True,1,1,False
1p21h94,andrewrimanic,NatureIsFuckingLit,"🔥 Stormy weather in the Andes, Cordillera Huayhuash",51,2025-11-20T20:07:37,235,2,True,2,2,False
1p20p96,VectorChing101,NatureIsFuckingLit,🔥Don't mess with a mother's children!,37,2025-11-20T19:25:02,9742,244,True,1,1,False
1p1ztwo,Prestigious-Wall5616,NatureIsFuckingLit,🔥 Nyala's attempted escape from lioness halted by back yard fence at a lodge in Greater Kruger National Park,279,2025-11-20T18:31:55,1630,165,True,1,1,True
1p1r5jm,redditsdaddio,NatureIsFuckingLit,🔥 Whale Eye by Rachel Moore 🔥,627,2025-11-20T10:14:48,6022,55,True,2,2,False
1p1nlzc,carthuscrass,NatureIsFuckingLit,"🔥 Reelfoot Lake, Tennessee.",27,2025-11-20T07:35:27,327,14,True,2,2,False
1p1nig2,Mint_Perspective,NatureIsFuckingLit,🔥 The Eye of a Nurse Shark,43,2025-11-20T07:31:05,20184,120,True,2,2,False
1p1mu5v,AnDourgi,NatureIsFuckingLit,🔥 A jaguar contemplates the desolation left by fires in Brazil's Pantanal wetlands (2020). Photo Ernane Junior,110,2025-11-20T07:02:53,734,30,True,2,2,False
1p4a6vl,TravelforPictures,EarthPorn,"A pile of rocks and last light, Lone Pine, California [2277x3000] [OC]",70,2025-11-23T09:38:24,186,1,True,2,2,False
1p48pic,SkiGolfDive,EarthPorn,"The Patriarchs, Zion NP, Utah, USA [OC] [4096x3072]",51,2025-11-23T08:26:13,137,0,True,2,2,False
1p4519c,indieaz,EarthPorn,"Mount Adams, Washington at sunset. [OC][4184x2792]",50,2025-11-23T05:41:06,631,8,True,2,2,False
1p41k3z,dirtyrabbitmk1,EarthPorn,"[OC] Black Hills South Dakota at Sunset, looking down from Mt. Roosevelt [2048x1191]",84,2025-11-23T03:13:12,182,2,True,2,2,False
1p40c0n,valueinvestor13,EarthPorn,[OC] A lonely tree in Rocky Mountain National Park [1714 x 1683],64,2025-11-23T02:23:56,342,2,True,2,2,False
1p3xfnl,Sharp-Ad-9221,EarthPorn,"Kitimat-Stikine, BC [1924x1765] OC",34,2025-11-23T00:28:32,561,2,True,2,2,False
1p3x7hs,Manfredhoffman,EarthPorn,Bedrock glade in central Wisconsin (OC) (7952x5304),51,2025-11-23T00:19:46,77,1,True,2,2,False
1p3wxou,hopefulmonstr,EarthPorn,"Saguaro National Park, Arizona, USA [5400x3600] [OC]",52,2025-11-23T00:08:44,103,0,True,2,2,False
1p3wh7y,ArkansasWanderlust,EarthPorn,Mesa Arch sunrise [OC] [2048x1202],34,2025-11-22T23:50:02,288,1,True,2,2,False
1p3uitb,andrewrimanic,EarthPorn,Mount Garibaldi [OC] [4000x2668],32,2025-11-22T22:26:25,619,4,True,2,2,False
1p3u3oe,thephlog,EarthPorn,"Rainy Autumn day in the Alps, Laghi di Fusine, Italy [OC][2048x1365]",68,2025-11-22T22:08:05,1098,5,True,2,2,False
1p3smre,holy-shot,EarthPorn,"Fitz Roy in Los Glaciares NP, Patagonia, Argentina [OC][1920x1280]",66,2025-11-22T20:59:04,2115,12,True,2,2,False
1p3q3sr,TechnicalAd541,EarthPorn,Winter Morning in Western Luxemburg [OC] [3000×4000],52,2025-11-22T18:34:06,778,12,True,2,2,False
1p3o34f,miminnal,EarthPorn,A nice river near my village in Darende in Turkey [OC] [4080x3072],66,2025-11-22T16:23:20,114,2,True,2,2,False
1p3nyaq,doctorbobster,EarthPorn,"Pelé’s Well, Wawaloli Beach, Big Island, HI[4032x3024][OC]",58,2025-11-22T16:14:41,278,3,True,2,2,False
1p3mzfd,sravzz,EarthPorn,Sunset at crater lake [OC][6735x4987],37,2025-11-22T15:13:05,461,3,True,2,2,False
1p3ia14,2kuul4youuu,EarthPorn,"Dreaming about laid-back mountain summers, NH [OC] (6000 X 4000)",64,2025-11-22T10:53:47,549,6,True,2,2,False
1p3def7,miminnal,EarthPorn,"A place near my village, in Darende in Turkey [OC] [4284x5712]",62,2025-11-22T07:09:15,457,3,True,2,2,False
1p36pi7,william_patino,EarthPorn,The southern fiords of New Zealand {OC} (1500x1000),51,2025-11-22T02:43:11,2862,15,True,2,2,False
1p35tgx,benunfairchild,EarthPorn,"Stormy day in the Superstition Mountains, Arizona [9504x6336][OC]",65,2025-11-22T02:08:51,361,6,True,2,2,False
1p34z9p,catand_ac,EarthPorn,Spring in South Africa [OC][3888x2592],38,2025-11-22T01:37:46,696,7,True,2,2,False
1p2zkug,ArkansasWanderlust,EarthPorn,The Buffalo National River [OC] (6334x9471),43,2025-11-21T22:09:38,928,8,True,2,2,False
1p2z5pd,RelationshipTall1735,EarthPorn,First severe frost with ice cover in southern Germany [OC] [2732x2048],70,2025-11-21T21:51:56,309,4,True,2,2,False
1p2ww1q,lovelyb1ch66,EarthPorn,"Big Rideau Lake, Ontario Canada [3024x4032] (OC)",48,2025-11-21T20:05:52,326,5,True,2,2,False
1p2wcs5,kairologic,EarthPorn,"Ridge Porn, Arapaho Pass vista this last summer at sunset (Coloraro) [OC] [2160x1440]",85,2025-11-21T19:37:05,331,4,True,2,2,False
1p2u464,Antique_Spot_3070,EarthPorn,"Reserva Natural Especial de Guigui, Gran Canaria [OC] [3024x4032]",65,2025-11-21T17:20:13,127,1,True,2,2,False
1p2llva,Siddha-Somanomah,EarthPorn,"Kosciuszko National Park, NSW 2624, Australia [3025 x 4032] [OC]",64,2025-11-21T09:35:42,163,2,True,2,2,False
1p2kgoi,a_civil_engineer,EarthPorn,"Mammoth Hot Springs, WY, USA [4608 x 3456][OC]",46,2025-11-21T08:44:39,151,3,True,2,2,False
1p2ikke,17reasons,EarthPorn,"Spirit Island, Canada (OC) [7522 x 5015]",40,2025-11-21T07:21:48,1762,16,True,2,2,False
1p2idhs,brodosphotos,EarthPorn,"An unnamed lake high in the Purcell range, British Columbia (OC) [2858x4000]",76,2025-11-21T07:13:34,347,3,True,2,2,False
1p468tk,ohitschelle,SkyPorn,Yesterdays PNW sunrise,53,2025-11-23T06:34:32,21,2,True,2,2,False
1p42hkl,MatureSuzyCheesecake,SkyPorn,"I pulled over to take this in Beaverton, Oregon",47,2025-11-23T03:52:22,21,0,True,2,2,False
1p42hjk,VenomXTs,SkyPorn,"Morning Dawn, Houston [OC]",314,2025-11-23T03:52:20,57,1,True,2,2,False
1p41wo4,MatureSuzyCheesecake,SkyPorn,Amazing sunset kept the clouds lit up for enjoyment,62,2025-11-23T03:27:46,137,9,True,2,2,False
1p3syr0,facebookcansuckit,SkyPorn,"Anchored for the night in Sardinia, apparently under the flight path",68,2025-11-22T21:15:29,256,5,True,2,2,False
1p3synx,naveen713,SkyPorn,"Sunrise, Amsterdam",18,2025-11-22T21:15:22,25,1,True,2,2,False
1p3s4qq,yukophotographylife,SkyPorn,"Guangzhou, China (OC)",21,2025-11-22T20:32:31,64,2,True,2,2,False
1p3jxnt,bbrian017,SkyPorn,Reflection- Toronto Blue Sky,28,2025-11-22T12:18:43,37,2,True,2,2,False
1p3iwyc,RunnerOfTheRoad124,SkyPorn,Jets have been flying a lot lately in NC,40,2025-11-22T11:26:00,53,1,True,2,2,False
1p34q7t,Lexx_sad_but_true,SkyPorn,Sofia Bulgaria,14,2025-11-22T01:28:22,28,1,True,2,2,False
1p31grw,dentalexaminer,SkyPorn,Crazy cloud formation on I-15 at Cajon Summit heading to Cali from Vegas.,73,2025-11-21T23:24:26,30,0,True,2,2,False
1p2zmls,ArkansasWanderlust,SkyPorn,"Sunset from Goat Bluff, the Buffalo National River, Arkansas",60,2025-11-21T22:11:38,79,3,True,2,2,False
1p2u7xk,post_hazanko,SkyPorn,Parking lot sunset KS,28,2025-11-21T17:27:02,158,5,True,2,2,False
1p2in0n,MatureSuzyCheesecake,SkyPorn,Bright clouds &amp; shadows over Central Oregon,47,2025-11-21T07:24:44,83,7,True,2,2,False
1p2huj2,yogurt_Pancake,SkyPorn,"Sunset over Madeira's River. RO, Brazil",39,2025-11-21T06:52:10,382,4,True,2,2,False
1p1zyhu,TheDusai,SkyPorn,Surprise behind my house in West Aus,75,2025-11-20T18:40:11,99,3,True,2,2,False
1p1swsa,RunnerOfTheRoad124,SkyPorn,Fall is hitting hard in Tennessee,33,2025-11-20T11:37:43,72,2,True,2,2,False
1p1d0ct,post_hazanko,SkyPorn,Spooky day KS,13,2025-11-20T00:55:32,26,3,True,2,2,False
1p1blrd,Ok_Emphasis_6757,SkyPorn,"Evening Sky In Kadamakudy, Kochi.",33,2025-11-20T00:03:57,86,3,True,2,2,False
1p18oj2,_raidboss,SkyPorn,"Night pushing out day on Rialto Beach, Washington",49,2025-11-19T22:10:33,252,10,True,2,2,False
1p0oelu,The-Unknownian,SkyPorn,"Radiant Sundown - Joshua Tree, Ca",33,2025-11-19T05:23:54,467,11,True,2,2,False
1p0l2fn,MatureSuzyCheesecake,SkyPorn,Colorful clouds &amp; the Cascade Mountains in the back,55,2025-11-19T03:17:19,237,5,True,2,2,False
1ozq6qm,RunnerOfTheRoad124,SkyPorn,Late afternoon in NC,20,2025-11-18T03:45:08,23,2,True,2,2,False
1ozozqj,MatureSuzyCheesecake,SkyPorn,Bright Sunset over Central Oregon,33,2025-11-18T03:00:44,187,8,True,2,2,False
1oyu1bw,MatureSuzyCheesecake,SkyPorn,"Sunset vibes in Gilbert, Arizona",32,2025-11-17T03:02:55,135,11,True,2,2,False
1oytlz6,MatureSuzyCheesecake,SkyPorn,Colorful clouds over Terrebonne Oregon,38,2025-11-17T02:46:32,189,4,True,2,2,False
1oyf0ax,ScenicSocietyMedia,SkyPorn,Sunrise at Ventura Harbor [CA],30,2025-11-16T14:57:33,532,23,True,2,2,False
1oya8cy,S3xySarah,SkyPorn,"Wilbinga, Western Australia",27,2025-11-16T10:37:37,38,5,True,2,2,False
1oya39f,yukophotographylife,SkyPorn,Sunset and Sky in Cyprus (OC),29,2025-11-16T10:30:39,308,12,True,2,2,False
1oxswul,VenomXTs,SkyPorn,"Morning, Foggy Texas Sky [OC]",29,2025-11-15T22:21:30,151,4,True,2,2,False
